MSOA,Name,index-of-transport-accessibility,ulev,estimated-parking-capacity,evhs,chargepoints,distribution-centres,supermarket,warehouse
W02000042,"Prestatyn North",0,54.0,1510.05,9.282,0,0.00,0.00,0.00
W02000043,"Prestatyn Central & East",0,54.0,3844.54,12.475,0,0.00,9934.06,0.00
W02000044,"Prestatyn South",0,54.0,436.19,7.416,0,0.00,0.00,0.00
W02000045,"Rhyl North",0,131.0,4636.92,14.500,0,0.00,3393.49,1126.78
W02000047,"Rhyl South West",0,310.0,2196.79,16.519,1,0.00,7193.66,0.00
W02000049,"Dyserth & Tremeirchion",0,572.0,1619.21,11.884,0,0.00,274.01,0.00
W02000050,"Rhuddlan & Bodelwyddan",0,256.0,6867.95,8.658,4,784.20,10281.10,0.00
W02000051,"St Asaph & Trefnant",0,189.0,2582.37,16.652,2,0.00,659.80,0.00
W02000052,"Denbigh West",0,64.0,1801.15,12.187,1,0.00,6860.34,0.00
W02000053,"Denbigh East & Pentre Llanrhaeadr",0,112.0,1503.06,11.260,0,0.00,0.00,0.00
W02000054,"Llandyrnog & Llanarmon-yn-IÃ¢l",0,485.0,1891.72,16.444,0,0.00,0.00,0.00
W02000055,"Ruthin",0,48.0,1571.55,16.875,0,0.00,4178.02,0.00
W02000056,"Corwen",0,199.0,1112.98,15.430,3,0.00,0.00,0.00
W02000057,"Llangollen & Llandrillo",0,136.0,1871.41,14.584,0,0.00,4786.92,0.00
W02000419,"Rhyl East",0,131.0,608.00,10.233,0,0.00,0.00,0.00
